n_buildings,runtime_seconds
25,1.87221097946167
50,2.1626131534576416
75,3.5156822204589844
100,4.951955795288086
150,7.705381393432617
200,11.211962938308716
250,12.899356603622437
300,18.2420175075531
